"relative_path","size_bytes","sha256"
"01_DepMap_niclosamide_ESCC_correlation.R","7105","cadc88b16157dced91408a7405a195a55408795e748f6628ca3f8f4327e36802"
"02_GO_enrichR_negative_correlated_genes.R","3243","f325ae81aa583365ad3e52af6fa6ee235fd82645e78be771b013888d59916fea"
"04_RNA_seq_upstream/config_and_samplesheet/rnaseq_resource_limits.config","210","da089880244ec57fe56cf67c0882556d86ec035333926099a2659499a81ebe0e"
"04_RNA_seq_upstream/config_and_samplesheet/samplesheet.csv","1054","2445636a5ae149cca953663016b98854221cbc37d7610b8efe2cc32d7105a0e5"
"04_RNA_seq_upstream/FILE_MANIFEST.tsv","1920","cbc0795d873874cd1bbc83985951bc5bedd0fdde9acb2e8e58781ce58cd30bc0"
"04_RNA_seq_upstream/qc_and_handoff_scripts/check_outputs.py","2256","76a0a73cdb2c72c49d4cca1f8cc12899dccee1aacec66a4862420dd83b567d94"
"04_RNA_seq_upstream/qc_and_handoff_scripts/create_downstream_handoff.ps1","4149","978e303109fc0d07edb73ffcf7179f665095d87229abe69ffb3b4fe48fc515b5"
"04_RNA_seq_upstream/qc_and_handoff_scripts/make_run_envelope.py","8726","c9e40bc78a17349e017f660da471f3959bed0173ad38644630294466b000fde0"
"04_RNA_seq_upstream/README.md","2093","208db8301d1c871cb9d4e159e389fa594f1d51c39a7c251e7a4541810f36befc"
"04_RNA_seq_upstream/run_records/check_outputs.txt","196","c80c92ab61b58aba741794ebf780bd14abe12127f831eed06cb568e000bac463"
"04_RNA_seq_upstream/run_records/executed_commands.md","1614","49a243acc010f56ef9ec63a6755ed185825d124435008360cfc25f2b3f9a9324"
"04_RNA_seq_upstream/run_records/nextflow_trace_20260616_160625.txt","49030","f2bc68b71f340e2d172bae828cb472258966060d01e0b845e5af0d9593c0841a"
"04_RNA_seq_upstream/run_records/nf_core_rnaseq_software_mqc_versions.yml","1720","e8d5eea48455053e07b7e735b07c473c06fb1c51e4f8106781db62a51320d01b"
"04_RNA_seq_upstream/run_records/nfcore_params_2026-06-16_16-06-48.json","41403","676b597484d16f73c29ee3925c33ac543bcb75fe7126e56a17ec69c429318ffb"
"04_RNA_seq_upstream/run_records/run_manifest.json","1343","3459b39ed5b5df650f1b50a98cb4d1df8e1b4e27bd3a7bdf02f0ce9c5afcb41b"
"04_RNA_seq_upstream/workflow_scripts/00_run_upstream_pipeline.sh","562","ba1e1174851d0a28b5d5bc56910586c8a5e58bbe3f7c5c0db312fc630ad0bb7d"
"04_RNA_seq_upstream/workflow_scripts/run_full_pipeline_wsl.sh","1305","0a088cdf78ecfb45e9b4e45948fd1c5d96dd664bd4e52d1984c0380a5fcef229"
"04_RNA_seq_upstream/workflow_scripts/run_nfcore_star_salmon.sh","2385","9d433eb9b9543123d9f3019d79ecff656d1fc834fa48def28742b61acf7c79ec"
"04_RNA_seq_upstream/workflow_scripts/validate_reference.py","2369","f5f34f3a0dea91d565362dde7723e66351f67f8e90d97790d58884626e670ba2"
"05_RNA_seq_downstream/00_run_NC_downstream_review_code.R","794","4265d4d1f31a474b8c8f5cb9eb777b9a293f70346c84934481b7a92c95bc98f3"
"05_RNA_seq_downstream/01_run_autophagy_downstream.R","50216","05be9564407a5222cf91e2fd7dbb8ad1a154884d4640e754ba9579af9e0242a8"
"05_RNA_seq_downstream/02_plot_selected_reactome_gsea_pathways.R","3706","1ce5a908f3828039b60f9c1e86bb573f3b54f76d737442a4feb6b94066408a5d"
"05_RNA_seq_downstream/03_plot_selected_hallmark_delta_6col_compact.R","2557","60bdbd90b1943fffecb75d2f140a80d5a4b38c4b3c8f2f6760a77b9dad6f79cb"
"05_RNA_seq_downstream/04_plot_MA_highlighted_genes_600dpi_panel.R","3728","2f43996694baf6987ac402dddea9ea27f475f640236a428caf74f65bf563c1c1"
"05_RNA_seq_downstream/code_file_manifest_sha256.csv","934","4ff96ef2311b064e02aaa360de06aee9a124169e2cb27c24d6a745893b905ae2"
"05_RNA_seq_downstream/Materials_and_Methods_RNAseq_downstream.md","5133","55d033c35ef10763a93bf30b8532c170498b8bd0c6963438a08f64c533450433"
"05_RNA_seq_downstream/package_versions.tsv","368","bf1b15d4b0d9048c6bb5d80c3c9cd8aa556cff76b1cc9e3eb807f5296b62f126"
"05_RNA_seq_downstream/README_NC_downstream_code.md","2683","0d583f277126a1f4675bad47d870c74089265d826bfd993eaab40e430be9e395"
"README.md","9212","d0d24ddef6617b250c3c7ef67b0bbc10f4c110b3e6c9c7a67f824e9fbd16f6d5"
