"relative_path"	"bytes"	"sha256"
"config_and_samplesheet\rnaseq_resource_limits.config"	"210"	"da089880244ec57fe56cf67c0882556d86ec035333926099a2659499a81ebe0e"
"config_and_samplesheet\samplesheet.csv"	"1054"	"2445636a5ae149cca953663016b98854221cbc37d7610b8efe2cc32d7105a0e5"
"qc_and_handoff_scripts\check_outputs.py"	"2256"	"76a0a73cdb2c72c49d4cca1f8cc12899dccee1aacec66a4862420dd83b567d94"
"qc_and_handoff_scripts\create_downstream_handoff.ps1"	"4149"	"978e303109fc0d07edb73ffcf7179f665095d87229abe69ffb3b4fe48fc515b5"
"qc_and_handoff_scripts\make_run_envelope.py"	"8726"	"c9e40bc78a17349e017f660da471f3959bed0173ad38644630294466b000fde0"
"README.md"	"2093"	"208db8301d1c871cb9d4e159e389fa594f1d51c39a7c251e7a4541810f36befc"
"run_records\check_outputs.txt"	"196"	"c80c92ab61b58aba741794ebf780bd14abe12127f831eed06cb568e000bac463"
"run_records\executed_commands.md"	"1614"	"49a243acc010f56ef9ec63a6755ed185825d124435008360cfc25f2b3f9a9324"
"run_records\nextflow_trace_20260616_160625.txt"	"49030"	"f2bc68b71f340e2d172bae828cb472258966060d01e0b845e5af0d9593c0841a"
"run_records\nf_core_rnaseq_software_mqc_versions.yml"	"1720"	"e8d5eea48455053e07b7e735b07c473c06fb1c51e4f8106781db62a51320d01b"
"run_records\nfcore_params_2026-06-16_16-06-48.json"	"41403"	"676b597484d16f73c29ee3925c33ac543bcb75fe7126e56a17ec69c429318ffb"
"run_records\run_manifest.json"	"1343"	"3459b39ed5b5df650f1b50a98cb4d1df8e1b4e27bd3a7bdf02f0ce9c5afcb41b"
"workflow_scripts\00_run_upstream_pipeline.sh"	"562"	"ba1e1174851d0a28b5d5bc56910586c8a5e58bbe3f7c5c0db312fc630ad0bb7d"
"workflow_scripts\run_full_pipeline_wsl.sh"	"1305"	"0a088cdf78ecfb45e9b4e45948fd1c5d96dd664bd4e52d1984c0380a5fcef229"
"workflow_scripts\run_nfcore_star_salmon.sh"	"2385"	"9d433eb9b9543123d9f3019d79ecff656d1fc834fa48def28742b61acf7c79ec"
"workflow_scripts\validate_reference.py"	"2369"	"f5f34f3a0dea91d565362dde7723e66351f67f8e90d97790d58884626e670ba2"
